approxkl,clipfrac,eplenmean,eprewmean,explained_variance,fps,nupdates,policy_entropy,policy_loss,serial_timesteps,time_elapsed,total_timesteps,value_loss
5.1755e-07,0.0,nan,nan,-12.432896614074707,95,1,6.148468,-0.00045695738,128,5.386262569684137,512,2.3580121e-08
1.3868945e-06,0.0,nan,nan,-3.4141430854797363,226,2,6.148465,-0.0007207923,256,7.652547320958391,1024,6.856707e-08
1.3204845e-05,0.0,nan,nan,-1.634749174118042,227,3,6.148438,-0.0014723011,384,9.908753905873512,1536,3.7629114e-08
0.0007663583,0.03857422,nan,nan,-11.360674858093262,224,4,6.1475053,-0.013228126,512,12.18786004925207,2048,6.219574e-08
0.0032583373,0.2626953,nan,nan,0.38949936628341675,227,5,6.1346045,-0.020175325,640,14.439734170124973,2560,2.43614e-05
0.0022861715,0.15332031,nan,nan,0.6524230241775513,222,6,6.1345124,-0.020089127,768,16.745910094718745,3072,2.059977e-06
0.003400336,0.23632812,nan,nan,0.14400649070739746,225,7,6.118481,-0.024757395,896,19.019895475542285,3584,2.6759367e-06
0.004230314,0.24511719,nan,nan,-0.36869382858276367,212,8,6.109856,-0.02336043,1024,21.430904486464062,4096,2.5257727e-06
0.0030665128,0.18896484,nan,nan,-9.279984474182129,218,9,6.108667,-0.024749229,1152,23.77726799076419,4608,4.5497913e-07
0.0024280816,0.13769531,nan,nan,0.2018541693687439,223,10,6.1040897,-0.018173313,1280,26.07048528514099,5120,2.358191e-06
0.0018913458,0.10888672,nan,nan,0.0013121366500854492,227,11,6.093658,-0.014918068,1408,28.320144739066,5632,0.03315222
0.0028004504,0.17480469,nan,nan,-0.12308144569396973,226,12,6.0833764,-0.023416867,1536,30.585613604522365,6144,0.00038471218
0.002956369,0.1743164,nan,nan,-0.14371883869171143,226,13,6.06501,-0.02332062,1664,32.84811910452306,6656,5.7437843e-05
0.003382512,0.21826172,nan,nan,0.24323344230651855,227,14,6.053846,-0.024595663,1792,35.10073996834793,7168,9.768911e-06
0.0028632747,0.18164062,nan,nan,-0.18145668506622314,226,15,6.0448294,-0.023162834,1920,37.35872673761609,7680,1.47224755e-05
0.0017493768,0.10205078,nan,nan,-0.000659942626953125,227,16,6.040009,-0.01400428,2048,39.61325824930263,8192,0.008234155
0.0030693966,0.18847656,nan,nan,0.24146926403045654,226,17,6.03062,-0.022937577,2176,41.87195670120085,8704,3.8075385e-05
0.0036676887,0.21777344,nan,nan,-0.2057403326034546,227,18,6.0013285,-0.02339843,2304,44.12350256806381,9216,4.261673e-06
0.0022799086,0.12109375,nan,nan,-0.0011447668075561523,227,19,5.997061,-0.015976071,2432,46.37667601608584,9728,0.008258526
0.0030862167,0.18017578,nan,nan,0.04158073663711548,226,20,5.994164,-0.022070417,2560,48.63703710946503,10240,7.996979e-05
0.002457963,0.14111328,nan,nan,0.0013834238052368164,227,21,5.9925623,-0.015303973,2688,50.88854142076716,10752,0.2199022
0.0027060288,0.1616211,nan,nan,0.004392027854919434,224,22,5.9666677,-0.018529665,2816,53.1686773738003,11264,0.054704655
0.0027316315,0.17041016,nan,nan,0.003692626953125,226,23,5.9002833,-0.021057546,2944,55.430415457830534,11776,0.14274591
0.002348665,0.14257812,nan,nan,0.00589984655380249,228,24,5.8931746,-0.019405376,3072,57.66948278342638,12288,0.045930102
0.0023001004,0.13574219,nan,nan,0.005082547664642334,227,25,5.8765855,-0.018354295,3200,59.920462167677734,12800,0.042166457
0.002705494,0.15234375,nan,nan,0.0013424158096313477,224,26,5.860378,-0.017183417,3328,62.1983482537585,13312,0.2054806
0.0032548483,0.17138672,nan,nan,-0.003847360610961914,228,27,5.7913647,-0.014666567,3456,64.43817496357778,13824,0.008104405
0.0028182357,0.13574219,nan,nan,0.024807333946228027,228,28,5.828585,-0.019416783,3584,66.67996721650378,14336,0.014741213
0.0035802205,0.21533203,nan,nan,-0.10050594806671143,227,29,5.7887483,-0.02195678,3712,68.92731254950002,14848,0.0002202981
0.002356255,0.12646484,nan,nan,0.050306499004364014,229,30,5.7695794,-0.013855626,3840,71.15639550557404,15360,0.007963663
0.003324226,0.19482422,nan,nan,0.3882989287376404,228,31,5.7408104,-0.022424892,3968,73.40080324454645,15872,0.00026050647
0.0030859997,0.2163086,nan,nan,0.08377242088317871,227,32,5.715741,-0.020739505,4096,75.65190443198787,16384,0.00010938714
0.0025451442,0.1640625,nan,nan,0.29853910207748413,228,33,5.7238107,-0.018979523,4224,77.89629680587896,16896,7.142923e-05
0.0025730152,0.13964844,nan,nan,0.02367466688156128,228,34,5.690664,-0.0136681385,4352,80.14192816405438,17408,0.007645058
0.0024338474,0.1508789,nan,nan,0.435380220413208,226,35,5.6808305,-0.018486252,4480,82.39954526343432,17920,6.9166e-05
0.0028050884,0.17285156,nan,nan,0.41245490312576294,227,36,5.702321,-0.0151863545,4608,84.65084172709102,18432,4.3693228e-05
0.0027364073,0.15527344,4705.0,5800.0,-0.0020143985748291016,224,37,5.6506352,-0.015508335,4736,86.9315555468642,18944,0.00011466511
0.0032687802,0.18164062,4705.0,5800.0,0.5739551782608032,226,38,5.692362,-0.021867113,4864,89.19157574496201,19456,9.622787e-06
0.0027350595,0.17089844,4705.0,5800.0,0.5035254955291748,228,39,5.6446867,-0.018415725,4992,91.4348091028329,19968,4.976495e-06
0.002826204,0.17822266,4705.0,5800.0,0.7746854871511459,227,40,5.598336,-0.020560963,5120,93.6846762647208,20480,3.989184e-06
0.0030480812,0.19433594,4705.0,5800.0,0.7500277310609818,227,41,5.577096,-0.022142163,5248,95.94093676710308,20992,2.7047452e-06
0.0035219803,0.18701172,4705.0,5800.0,0.004323303699493408,223,42,5.539603,-0.008290167,5376,98.2376690333548,21504,0.006407529
0.004122498,0.22949219,4705.0,5800.0,0.6739987730979919,215,43,5.6454663,-0.012302331,5504,100.60955086470487,22016,7.842817e-05
0.0031865244,0.20166016,4705.0,5800.0,0.08992648124694824,226,44,5.547304,-0.020655155,5632,102.86811605944331,22528,1.6304208e-05
0.0036857792,0.23095703,4705.0,5800.0,0.5321857929229736,226,45,5.646577,-0.017019162,5760,105.13060877849001,23040,1.10681485e-05
0.0019460586,0.12109375,4705.0,5800.0,0.6784304678440094,229,46,5.6245365,-0.016678454,5888,107.3664542560577,23552,1.0474745e-05
0.0034210607,0.19580078,4705.0,5800.0,0.001404106616973877,224,47,5.579638,-0.016188938,6016,109.64832387915224,24064,0.014688263
0.0031879228,0.1899414,4705.0,5800.0,0.0041945576667785645,227,48,5.5898724,-0.01000966,6144,111.89720048218419,24576,0.01491465
0.0024796694,0.14990234,4705.0,5800.0,0.24820369482040405,229,49,5.4543653,-0.01543733,6272,114.12945940056628,25088,0.00018249646
0.003100513,0.17871094,4705.0,5800.0,0.33120155334472656,230,50,5.4636197,-0.019316692,6400,116.35170335894647,25600,0.00012006938
0.0032247868,0.17773438,4705.0,5800.0,0.18721288442611694,228,51,5.4775515,-0.019206468,6528,118.59126320523978,26112,1.5427939e-05
0.0029117372,0.125,4705.0,5800.0,0.00721818208694458,229,52,5.4464993,-0.013314893,6656,120.82167230751395,26624,0.008074288
0.0027584538,0.1953125,4705.0,5800.0,-0.20373952388763428,229,53,5.4655643,-0.015527575,6784,123.0566092198869,27136,5.4872096e-05
0.002715186,0.18359375,4705.0,5800.0,0.06588071584701538,208,54,5.4842386,-0.015322263,6912,125.51455401454655,27648,1.8886889e-05
0.0018022,0.11230469,4705.0,5800.0,0.0034578442573547363,226,55,5.4143443,-0.014918815,7040,127.77798826387153,28160,0.20102406
0.0023998178,0.14404297,4705.0,5800.0,0.004611670970916748,227,56,5.399331,-0.013415262,7168,130.03020607367696,28672,0.015248818
0.0019499718,0.107910156,5978.5,4500.0,0.0018579959869384766,225,57,5.4316845,-0.008109847,7296,132.30401601320838,29184,0.032179065
0.0015567215,0.09716797,5978.5,4500.0,0.0067923665046691895,226,58,5.3939404,-0.011841745,7424,134.56835205312407,29696,0.055639904
0.0024658802,0.13330078,5978.5,4500.0,0.0024532079696655273,224,59,5.353601,-0.013071742,7552,136.85436864182458,30208,0.0150674
0.002375914,0.13867188,5978.5,4500.0,-0.002653360366821289,225,60,5.2692065,-0.0057730875,7680,139.12506366032554,30720,0.0061330553
0.0026176935,0.14404297,5978.5,4500.0,-0.005854368209838867,225,61,5.2378926,-0.011089599,7808,141.39848723790314,31232,0.00792997
0.001788226,0.104003906,5978.5,4500.0,0.004019677639007568,229,62,5.118637,-0.008566667,7936,143.62849992107934,31744,0.0028555412
0.0022269199,0.14794922,5978.5,4500.0,0.08409810066223145,227,63,5.179985,-0.012073637,8064,145.88428662022687,32256,0.00029996564
0.0034818803,0.18164062,5978.5,4500.0,0.0022808313369750977,226,64,5.094247,-0.012451187,8192,148.1489872316174,32768,0.007951936
0.004519287,0.2836914,5978.5,4500.0,0.008645474910736084,224,65,5.0896797,-0.009494288,8320,150.4286775274511,33280,0.03469844
0.0025667395,0.19238281,5978.5,4500.0,-0.0037055015563964844,225,66,4.897044,-0.015753394,8448,152.70305325118136,33792,0.029742105
0.0021469775,0.12841797,5978.5,4500.0,-0.004771709442138672,220,67,4.933397,-0.008065758,8576,155.03043375624554,34304,0.005788035
0.0023055624,0.14160156,5978.5,4500.0,0.005821108818054199,205,68,4.908537,-0.014121582,8704,157.5215280852734,34816,0.0013886074
0.0030578496,0.20458984,5978.5,4500.0,-0.001434326171875,213,69,4.888932,-0.015389579,8832,159.91671127196332,35328,0.00055390206
0.0027817518,0.20117188,5978.5,4500.0,-0.05420947074890137,224,70,4.908521,-0.015515547,8960,162.20210382883857,35840,0.0005190156
0.0025383052,0.14160156,5978.5,4500.0,0.0023482441902160645,227,71,4.8569236,-0.010969149,9088,164.45023005717206,36352,0.092824064
0.002670717,0.18017578,5978.5,4500.0,0.006707131862640381,226,72,4.7794666,-0.013122581,9216,166.70798125180713,36864,0.03219496
0.0032827104,0.22509766,5532.0,4873.333333333333,-0.0005813837051391602,226,73,4.873006,-0.006924442,9344,168.96760803398197,37376,0.009712766
0.0041844836,0.23828125,6513.5,5060.0,-0.007693648338317871,229,74,4.5512633,-0.010646962,9472,171.201948571676,37888,0.009050255
0.0032909475,0.21289062,6513.5,5060.0,0.012770593166351318,214,75,4.620199,-0.012100577,9600,173.5866464871932,38400,0.008398056
0.00252262,0.1850586,6513.5,5060.0,0.004603385925292969,230,76,4.7390842,-0.006107327,9728,175.81228312536928,38912,0.2194101
0.002182565,0.1303711,6513.5,5060.0,-0.11088752746582031,229,77,4.673257,-0.012419909,9856,178.04827156803447,39424,0.00104733
0.0025893252,0.18798828,6513.5,5060.0,0.006607174873352051,230,78,4.7131763,-0.0089676725,9984,180.27457260629492,39936,0.056368586
0.0023911363,0.12841797,7210.8,5128.0,0.011415421962738037,226,79,4.680302,-0.0072270418,10112,182.5353431790912,40448,0.017135173
0.0017767241,0.08300781,7210.8,5128.0,0.0069710612297058105,228,80,4.601905,-0.0099213235,10240,184.77962883550842,40960,0.16867083
0.0030471382,0.17626953,7210.8,5128.0,0.003086090087890625,228,81,4.4719057,-0.010933036,10368,187.02394599034233,41472,0.021829937
0.0032129106,0.19824219,7210.8,5128.0,0.003019988536834717,226,82,4.5570474,-0.0052457377,10496,189.28730564918166,41984,0.52979434
0.0028298518,0.1796875,6559.833333333333,6710.0,-0.0009322166442871094,230,83,4.3451314,-0.008219272,10624,191.50895476939107,42496,0.0114602875
0.0022245047,0.1430664,6559.833333333333,6710.0,0.00897204875946045,226,84,4.41061,-0.011785945,10752,193.77129320905308,43008,0.1274777
0.0026306938,0.15478516,6559.833333333333,6710.0,0.0006296634674072266,227,85,4.4111714,-0.011613403,10880,196.02190026944766,43520,0.014689297
0.0033635257,0.24023438,6559.833333333333,6710.0,0.00958859920501709,229,86,4.3137865,-0.00848358,11008,198.25229777806956,44032,0.005952214
0.0017538372,0.10986328,6559.833333333333,6710.0,-0.4341801404953003,228,87,4.270109,-0.010067541,11136,200.4942112754554,44544,0.0018350632
0.002729118,0.1694336,6559.833333333333,6710.0,0.0764957070350647,229,88,4.1756845,-0.008007059,11264,202.73014901335225,45056,0.008195686
0.0032500962,0.26464844,5805.285714285715,6494.285714285715,0.008485555648803711,223,89,4.1563134,-0.008552003,11392,205.02259658699637,45568,0.18643242
0.0027079007,0.19677734,5805.285714285715,6494.285714285715,0.06323665380477905,226,90,4.092964,-0.011534056,11520,207.2863718712853,46080,0.022177266
0.0025213724,0.17919922,5805.285714285715,6494.285714285715,-0.0007568597793579102,227,91,3.998233,-0.007881008,11648,209.54259375144048,46592,0.792101
0.0029116531,0.18261719,5805.285714285715,6494.285714285715,-0.02207767963409424,226,92,4.0573635,-0.008964038,11776,211.8088972900187,47104,0.009637267
0.0032614295,0.21386719,5805.285714285715,6494.285714285715,-0.021421313285827637,227,93,4.0891414,-0.008877732,11904,214.05920480116885,47616,0.01134329
0.002876908,0.19189453,5805.285714285715,6494.285714285715,0.018206477165222168,227,94,4.0058436,-0.009637175,12032,216.3136877033254,48128,0.01953769
0.0035753902,0.24658203,5805.285714285715,6494.285714285715,-0.04371440410614014,227,95,4.036946,-0.011956792,12160,218.560334483852,48640,0.008142404
0.002111727,0.115722656,5805.285714285715,6494.285714285715,0.07698220014572144,228,96,4.172536,-0.008652503,12288,220.80249927015862,49152,0.008997033
0.0020025654,0.1171875,5805.285714285715,6494.285714285715,0.013129234313964844,225,97,4.066402,-0.0074960436,12416,223.07194776151718,49664,0.038332686
0.0026854156,0.1977539,5805.285714285715,6494.285714285715,0.01410520076751709,226,98,3.9849057,-0.010232669,12544,225.33787785877814,50176,0.06515864
0.002384836,0.15429688,5805.285714285715,6494.285714285715,0.01693868637084961,227,99,3.9822884,-0.009000152,12672,227.59161457671294,50688,0.120098665
0.0039954097,0.27392578,5805.285714285715,6494.285714285715,0.036559998989105225,229,100,3.907002,-0.014520056,12800,229.82799482895172,51200,0.039985362
0.003002574,0.21679688,5805.285714285715,6494.285714285715,0.12831908464431763,227,101,4.0231934,-0.011163064,12928,232.08241641046556,51712,0.015832564
0.0026244442,0.15429688,5524.875,8610.0,-0.07086443901062012,227,102,3.9193573,-0.0075405138,13056,234.3346479790029,52224,0.016686922
0.0026035516,0.17773438,5524.875,8610.0,-0.020167112350463867,223,103,3.9226437,-0.008744203,13184,236.6292047592641,52736,0.010023804
0.002371886,0.16748047,5524.875,8610.0,0.02022784948348999,228,104,3.8870552,-0.010431664,13312,238.87263101874677,53248,0.040130258
0.0013758724,0.047851562,5524.875,8610.0,0.025609731674194336,228,105,4.001893,-0.0058584064,13440,241.11202527136828,53760,0.028442426
0.0026725372,0.18066406,5524.875,8610.0,-0.010841012001037598,227,106,3.9182189,-0.008746978,13568,243.36650125923825,54272,0.08922441
0.0033771845,0.2290039,5168.666666666667,9855.555555555555,-0.1217724084854126,230,107,4.1069083,-0.007687275,13696,245.58972166853607,54784,0.004395469
0.0013369292,0.076660156,4968.1,11114.0,0.013219475746154785,227,108,4.0195904,-0.0067988085,13824,247.83932811293053,55296,0.03891817
0.0029007767,0.17578125,4968.1,11114.0,0.03213590383529663,229,109,3.9759855,-0.00987903,13952,250.07114402808176,55808,0.020375263
0.0023438106,0.12109375,4968.1,11114.0,0.02107781171798706,227,110,4.0046697,-0.00848717,14080,252.32136591382422,56320,0.1530547
0.0028704817,0.1484375,4968.1,11114.0,0.015047550201416016,228,111,3.9487636,-0.008350816,14208,254.56356408426208,56832,0.03505943
0.0031252417,0.23388672,4968.1,11114.0,0.03092515468597412,226,112,3.7660542,-0.009499011,14336,256.82143317097564,57344,0.03518073
0.0021987837,0.1303711,4968.1,11114.0,0.03462320566177368,216,113,3.8862886,-0.008032195,14464,259.1841129249667,57856,0.009975169
0.0020591165,0.14257812,4697.333333333333,10667.5,0.013667583465576172,221,114,3.7808475,-0.007359115,14592,261.49362160553926,58368,0.12790519
0.0015930387,0.083496094,4697.333333333333,10667.5,0.04095989465713501,219,115,3.7300382,-0.008275345,14720,263.832195502501,58880,0.21187648
0.0021388342,0.1616211,4421.461538461538,10200.76923076923,0.02585136890411377,226,116,3.5635068,-0.0066145444,14848,266.08861650014177,59392,0.101311214
0.0024171728,0.12158203,4421.461538461538,10200.76923076923,0.07453364133834839,227,117,3.7957234,-0.0052138474,14976,268.3370591094678,59904,0.026441976
0.002074223,0.16699219,4421.461538461538,10200.76923076923,0.02942967414855957,226,118,3.649038,-0.008681823,15104,270.60024912384114,60416,0.124880366
0.001893876,0.07128906,4421.461538461538,10200.76923076923,0.06326830387115479,230,119,3.5713625,-0.0075140735,15232,272.8270476415299,60928,0.0043716356
0.0031473208,0.24267578,4421.461538461538,10200.76923076923,0.011305570602416992,228,120,3.538836,-0.008146271,15360,275.07151313923976,61440,0.041334365
0.001669473,0.095703125,4232.714285714285,9859.285714285714,0.0443415641784668,223,121,3.6177855,-0.0058872662,15488,277.3641480271934,61952,0.025411282
0.0028438028,0.21386719,4232.714285714285,9859.285714285714,0.04572618007659912,225,122,3.436432,-0.011027455,15616,279.64024275431655,62464,0.07936183
0.0014564923,0.08105469,4030.3333333333335,9668.666666666666,0.03667646646499634,223,123,3.417049,-0.006476647,15744,281.93570125532716,62976,0.30905342
0.0025987022,0.109375,3860.5,9526.875,0.04280585050582886,221,124,3.451821,-0.003068942,15872,284.24469660250116,63488,0.07703803
0.0031055517,0.14746094,3860.5,9526.875,0.03206843137741089,226,125,3.2270496,-0.005016559,16000,286.5067324199025,64000,0.2986845
0.00216592,0.12792969,3860.5,9526.875,0.11000722646713257,222,126,3.4071872,-0.0043344675,16128,288.8058969785266,64512,0.0741476
0.0014882786,0.078125,3860.5,9526.875,0.07927674055099487,229,127,3.3291607,-0.005799367,16256,291.04009895112364,65024,0.07827774
0.0021090265,0.09033203,3724.705882352941,9225.882352941177,0.003321707248687744,222,128,3.1050758,-0.00690927,16384,293.3408547036006,65536,0.027442448
0.00067571586,0.022949219,3724.705882352941,9225.882352941177,0.03222966194152832,211,129,3.1525593,-0.0030539571,16512,295.75864872490774,66048,0.17575681
0.001660971,0.09765625,3724.705882352941,9225.882352941177,0.09658712148666382,220,130,3.2435706,-0.003551856,16640,298.081218702377,66560,0.045191113
0.0017707057,0.107910156,3724.705882352941,9225.882352941177,0.030558288097381592,223,131,3.2734656,-0.005095999,16768,300.3751887460557,67072,0.12647544
0.0010798943,0.047851562,3724.705882352941,9225.882352941177,-0.05442929267883301,215,132,3.2276108,-0.0061734198,16896,302.7491449332247,67584,0.039821483
0.0014782819,0.099121094,3724.705882352941,9225.882352941177,0.03762006759643555,224,133,3.2787662,-0.0049242843,17024,305.03462653773033,68096,0.017754724
0.00072482915,0.025878906,3724.705882352941,9225.882352941177,0.09677958488464355,220,134,3.2998803,-0.004652301,17152,307.3553163879767,68608,0.014486918
0.0007633498,0.038085938,3724.705882352941,9225.882352941177,0.11852681636810303,213,135,3.2399087,-0.0034526773,17280,309.74978244441684,69120,0.025671009
0.0010543169,0.057617188,3724.705882352941,9225.882352941177,0.000812232494354248,216,136,3.1506188,-0.0071293013,17408,312.11219791900925,69632,0.026420908
0.0023401086,0.1640625,3724.705882352941,9225.882352941177,0.12126415967941284,211,137,3.2097409,-0.0058738785,17536,314.535034410798,70144,0.014367147
0.0009119702,0.036621094,3724.705882352941,9225.882352941177,-0.01536870002746582,225,138,3.2812247,-0.0019626413,17664,316.8047185466309,70656,5.82749
0.00030200864,0.0063476562,3724.705882352941,9225.882352941177,-0.02045571804046631,218,139,3.3328288,-0.0025635576,17792,319.14494670412023,71168,6.448239
0.00084655255,0.030761719,3656.0,10326.666666666666,-0.1843421459197998,178,140,3.3347313,-0.005479608,17920,322.01761571652264,71680,0.026474932
0.0021338272,0.11816406,3656.0,10326.666666666666,-0.005146622657775879,176,141,3.279441,-0.0073091025,18048,324.92698471453775,72192,0.043977667
0.00046280806,0.01953125,3656.0,10326.666666666666,-0.02750718593597412,141,142,3.2901692,-0.0033188981,18176,328.53590896329,72704,1.8938094
0.0012301407,0.05517578,3597.7894736842104,10036.842105263158,-0.016805648803710938,158,143,3.2067323,-0.003747416,18304,331.7662851703219,73216,2.3739192
0.0015035279,0.11816406,3597.7894736842104,10036.842105263158,-0.017270445823669434,158,144,2.986351,-0.0050899372,18432,334.9955233835585,73728,0.12915629
0.0030233883,0.18066406,3597.7894736842104,10036.842105263158,0.19114363193511963,181,145,3.2176547,-0.003577816,18560,337.8146302812229,74240,0.008022757
0.0011509745,0.06982422,3531.85,10480.5,-0.056154727935791016,194,146,3.0775318,-0.0058786697,18688,340.4535088258424,74752,0.06332924
0.0013860068,0.06298828,3499.5238095238096,11389.52380952381,0.004335343837738037,197,147,3.0992472,-0.0029744226,18816,343.0498405523607,75264,0.09845661
0.0009579065,0.044433594,3499.5238095238096,11389.52380952381,0.05342698097229004,199,148,3.19829,-0.0026268444,18944,345.6155039956195,75776,0.010755191
0.0010378622,0.033203125,3499.5238095238096,11389.52380952381,0.016791820526123047,203,149,3.1345499,-0.0046534687,19072,348.1283869877317,76288,0.1120878
0.0011969311,0.057617188,3499.5238095238096,11389.52380952381,-0.00993657112121582,210,150,3.062441,-0.0031912164,19200,350.561476668124,76800,0.027193107
0.0018013122,0.12890625,3499.5238095238096,11389.52380952381,0.019463658332824707,214,151,3.0056205,-0.005034828,19328,352.95277640035255,77312,0.11143692
0.0009373473,0.01953125,3499.5238095238096,11389.52380952381,0.017247378826141357,197,152,2.918333,-0.0046729073,19456,355.5500770349304,77824,0.1324676
0.0013068018,0.095703125,3499.5238095238096,11389.52380952381,0.1672787070274353,214,153,2.9027128,-0.00444761,19584,357.9336291344291,78336,0.0033562745
0.0014255878,0.084472656,3384.7272727272725,10899.09090909091,0.010400533676147461,224,154,3.0146413,-0.005018597,19712,360.21907574845403,78848,0.021955842
0.0013160612,0.08251953,3304.782608695652,11086.521739130434,0.015279412269592285,214,155,2.996155,-0.006769136,19840,362.60149900336495,79360,0.3010757
0.0009473525,0.05419922,3304.782608695652,11086.521739130434,-0.008730411529541016,213,156,3.121972,-0.0027461345,19968,364.9976148504908,79872,7.0412745
0.0013026178,0.1015625,3304.782608695652,11086.521739130434,0.046372294425964355,203,157,3.2384298,-0.003098017,20096,367.5168457862661,80384,0.010971561
0.0020759027,0.079589844,3304.782608695652,11086.521739130434,-0.029876232147216797,216,158,3.1031613,-0.004810941,20224,369.88780557305466,80896,0.016318986
0.00097434944,0.05810547,3304.782608695652,11086.521739130434,0.0204889178276062,213,159,3.0804842,-0.004659691,20352,372.2901450463676,81408,0.004132197
0.0009468625,0.037109375,3304.782608695652,11086.521739130434,0.1801598072052002,210,160,3.0555296,-0.004789463,20480,374.723059075944,81920,0.001689552
0.0009461112,0.04345703,3304.782608695652,11086.521739130434,0.031841158866882324,208,161,3.067557,-0.0050300625,20608,377.18179482308506,82432,0.058981128
0.00091166573,0.052246094,3304.782608695652,11086.521739130434,0.03372865915298462,211,162,3.0079362,-0.004114995,20736,379.6060650166432,82944,0.034579042
0.00067348324,0.048828125,3304.782608695652,11086.521739130434,0.015234112739562988,161,163,2.9778903,-0.0032995467,20864,382.7845050837467,83456,0.016434595
0.0011895043,0.06591797,3259.7083333333335,11576.666666666666,-0.27044832706451416,203,164,2.8925846,-0.0037173943,20992,385.29749681872977,83968,0.002905193
0.00086802396,0.046875,3259.7083333333335,11576.666666666666,-0.1674419641494751,218,165,2.9402225,-0.0031364337,21120,387.6459325836105,84480,0.0009740762
0.00035136304,0.0024414062,3259.7083333333335,11576.666666666666,-0.004992365837097168,214,166,2.9362187,-0.0010203752,21248,390.03278161051196,84992,5.089892
0.0013254327,0.07519531,3259.7083333333335,11576.666666666666,0.1383553147315979,213,167,2.9698663,-0.0062673786,21376,392.43667575068895,85504,0.002922952
0.0007865487,0.014160156,3259.7083333333335,11576.666666666666,-0.3500615358352661,211,168,2.9467583,-0.003042391,21504,394.8602660393989,86016,0.00049993413
0.00084246526,0.028320312,3259.7083333333335,11576.666666666666,0.39280766248703003,212,169,2.9808092,-0.0038859732,21632,397.27562022547556,86528,0.00043331628
0.00082145934,0.029785156,3259.7083333333335,11576.666666666666,-0.2833017110824585,214,170,3.0064044,-0.005100159,21760,399.66592220519647,87040,0.00037984241
0.0007381792,0.017089844,3259.7083333333335,11576.666666666666,-0.05650150775909424,214,171,3.0277808,-0.0044944566,21888,402.05763895970017,87552,0.00018333377
0.00052970514,0.017578125,3259.7083333333335,11576.666666666666,-0.009288549423217773,213,172,3.0742538,-0.0026962631,22016,404.46211746185617,88064,0.00010098571
0.00025864458,0.0053710938,3224.84,11690.4,0.023449361324310303,213,173,3.1378233,-0.001821942,22144,406.86650922114404,88576,0.08006925
0.0008120613,0.040527344,3195.1153846153848,11876.538461538461,-0.004015326499938965,212,174,3.1698415,-0.003443262,22272,409.2800166641291,89088,0.022379342
0.00016647705,0.001953125,3195.1153846153848,11876.538461538461,0.015743494033813477,212,175,3.2737582,-0.0015111915,22400,411.693693961104,89600,0.1821102
0.00024794156,0.0009765625,3195.1153846153848,11876.538461538461,-0.010734319686889648,211,176,3.292225,-0.0030723845,22528,414.12110407887036,90112,0.008228828
0.0002276156,0.0009765625,3195.1153846153848,11876.538461538461,0.03759109973907471,210,177,3.3123124,-0.002886529,22656,416.5512665715894,90624,0.06408108
0.0001742226,0.0,3195.1153846153848,11876.538461538461,0.22875767946243286,210,178,3.3033092,-0.0019204909,22784,418.988722309679,91136,0.00046043913
0.00019932954,0.00048828125,3195.1153846153848,11876.538461538461,0.027071118354797363,208,179,3.3066778,-0.002317288,22912,421.4475772758828,91648,0.047039352
0.00033421814,0.009277344,3195.1153846153848,11876.538461538461,-0.4595761299133301,203,180,3.3250537,-0.0032999879,23040,423.9649986241268,92160,0.00050440547
0.00011535392,0.001953125,3195.1153846153848,11876.538461538461,-0.035489678382873535,211,181,3.2735434,-0.0020367794,23168,426.38551931879607,92672,0.00050198834
0.00026386455,0.0073242188,3195.1153846153848,11876.538461538461,0.17585325241088867,210,182,3.330911,-0.0024246753,23296,428.82306473308756,93184,0.00019892855
0.000106838794,0.0029296875,3195.1153846153848,11876.538461538461,0.045447587966918945,208,183,3.304274,-0.0014040226,23424,431.27712348915856,93696,0.014633797
4.9065973e-05,0.0,3195.1153846153848,11876.538461538461,0.006693720817565918,213,184,3.3837557,-0.00083464826,23552,433.6728313235341,94208,0.00811093
0.00012427452,0.00048828125,3174.8518518518517,11481.111111111111,-0.09203600883483887,215,185,3.4118202,-0.0024235053,23680,436.05293773370636,94720,0.0006463434
0.0001675098,0.00048828125,3174.8518518518517,11481.111111111111,0.3408201336860657,215,186,3.4615338,-0.0020839921,23808,438.427423806657,95232,0.00012799265
0.00017549959,0.0014648438,3174.8518518518517,11481.111111111111,-0.00970923900604248,210,187,3.4600437,-0.0016249333,23936,440.85778010892443,95744,0.007908828
2.2479802e-05,0.0,3174.8518518518517,11481.111111111111,0.010258972644805908,216,188,3.4986029,-0.0007740738,24064,443.22657781924795,96256,0.015037339
2.3904846e-05,0.0,3174.8518518518517,11481.111111111111,0.016234517097473145,215,189,3.4916527,-0.00091926055,24192,445.59937352373,96768,0.018647969
1.936668e-05,0.0,3174.8518518518517,11481.111111111111,0.04686373472213745,209,190,3.5381665,-0.0011973467,24320,448.03876016365206,97280,0.021839008
5.0199116e-05,0.0,3294.5,11336.07142857143,0.0252419114112854,213,191,3.5135002,-0.0014502048,24448,450.44076684327194,97792,0.011160027
4.2623087e-05,0.0,3265.862068965517,11187.931034482759,0.013189077377319336,213,192,3.5545676,-0.0004263632,24576,452.8452368946333,98304,0.25061655
7.153455e-06,0.0,3265.862068965517,11187.931034482759,0.02088373899459839,210,193,3.591052,-0.00038000307,24704,455.2793297053117,98816,0.053457547
1.2954074e-06,0.0,3265.862068965517,11187.931034482759,0.0043038129806518555,213,194,3.6301491,-0.00028585905,24832,457.68057930547036,99328,0.008802738
2.0765794e-06,0.0,3265.862068965517,11187.931034482759,0.020675957202911377,209,195,3.5719652,-0.00028443942,24960,460.12559626991697,99840,0.029690783
